<?xml version="1.0" encoding="UTF-8"?><FileNetExportCatalog version="1">
	<DeploymentTreeLocation>C:\IBM\FileNet\ContentEngine\tools\deploy\P8DeploymentData</DeploymentTreeLocation>
	<SourceEnvironment>contentga1.fyre.ibm.com</SourceEnvironment>
	<ExportOperationFile>DeploymentOperation_Export.xml</ExportOperationFile>
	<ExportManifestFile>WebhookClaim.xml</ExportManifestFile>
	<ExportLogFile>C:\IBM\FileNet\ContentEngine\tools\deploy\P8DeploymentData\Temp\Run.2019.12.02.19.20.15\export.log</ExportLogFile>
	<ConvertOperationFile/>
	<SourcePrimaryObjectStoreName>Daph1</SourcePrimaryObjectStoreName>
	<ExportStartTime>2019-12-02 19:20:15 PST</ExportStartTime>
	<DatasetFiles>
		<DatasetFile>deployDataSet1.xml</DatasetFile>
	</DatasetFiles>
	<ObjectListFile>ObjectList.xml</ObjectListFile>
	<NumberOfObjectsExported>5</NumberOfObjectsExported>
	<ExportEndTime>2019-12-02 19:20:20 PST</ExportEndTime>
		<DestinationEnvironment/>
	<DestinationPrimaryObjectStoreName>Daph1</DestinationPrimaryObjectStoreName>
</FileNetExportCatalog>