<DeploymentOperation deploymentTreeLocation="C:\IBM\FileNet\ContentEngine\tools\deploy\P8DeploymentData" version="5.2.1">
	<ExportDeployDataSet deleteDestinationFilesOnError="true">
		<Environment>contentga1.fyre.ibm.com</Environment>
		<ExportManifest>C:\IBM\FileNet\ContentEngine\tools\deploy\P8DeploymentData\Environments\contentga1.fyre.ibm.com\Assets\ExportManifests\WebhookClaim.xml</ExportManifest>
		<DeployDataSet>C:\IBM\FileNet\ContentEngine\tools\deploy\P8DeploymentData\Environments\contentga1.fyre.ibm.com\Assets\WebhookClaim</DeployDataSet>
	</ExportDeployDataSet>
</DeploymentOperation>