<?xml version="1.0" encoding="UTF-8"?><HalfMap type="Principal" version="1">
	<List>
		<Item label="">
			<SID>S-1-485701663-3819890630-4235867438-1177056743-233382277-844702023</SID>
			<ShortName>ceadmin</ShortName>
			<DisplayName>CEAdmin</DisplayName>
			<PrincipalType>0</PrincipalType>
			<Name>CN=CEAdmin,OU=Shared,OU=Engineering,OU=FileNet,DC=adam2016,DC=com</Name>
		</Item>
		<Item label="">
			<SID>S-1-485701663-3819890630-1298051110-1306745449-2272824193-2247109905</SID>
			<ShortName>ceadmingroup</ShortName>
			<DisplayName>CEAdminGroup</DisplayName>
			<PrincipalType>1</PrincipalType>
			<Name>CN=CEAdminGroup,OU=Shared,OU=Engineering,OU=FileNet,DC=adam2016,DC=com</Name>
		</Item>
	</List>
</HalfMap>