<?xml version="1.0" encoding="UTF-8"?>
<ExportObjectList version="1">
	<Object>
		<Name>WebhookPriorityChoiceList</Name>
		<ClassName>ChoiceList</ClassName>
		<Id>{90D31E6E-0000-C41F-AD96-EE77BD642898}</Id>
		<ObjectStoreId>{A4C2FC7F-FC4A-48AB-A2F4-ED2E6B90B16B}</ObjectStoreId>
	</Object>
	<Object>
		<Name>Priority</Name>
		<ClassName>PropertyTemplateString</ClassName>
		<Id>{847165F8-D48E-4D36-8E85-BE7CE9515CA6}</Id>
		<ObjectStoreId>{A4C2FC7F-FC4A-48AB-A2F4-ED2E6B90B16B}</ObjectStoreId>
	</Object>
	<Object>
		<Name>Risk Factor</Name>
		<ClassName>PropertyTemplateInteger32</ClassName>
		<Id>{32EFEF63-3BAF-4B24-81B7-ABF1C8142404}</Id>
		<ObjectStoreId>{A4C2FC7F-FC4A-48AB-A2F4-ED2E6B90B16B}</ObjectStoreId>
	</Object>
	<Object>
		<Name>Dollar Amount</Name>
		<ClassName>PropertyTemplateFloat64</ClassName>
		<Id>{CCFCF68C-2D2E-4FE8-8172-FE8100785918}</Id>
		<ObjectStoreId>{A4C2FC7F-FC4A-48AB-A2F4-ED2E6B90B16B}</ObjectStoreId>
	</Object>
	<Object>
		<Name>Claim</Name>
		<ClassName>DocumentClassDefinition</ClassName>
		<Id>{D0D81E6E-0000-C816-B15C-3D7C2EE0A88C}</Id>
		<ObjectStoreId>{A4C2FC7F-FC4A-48AB-A2F4-ED2E6B90B16B}</ObjectStoreId>
	</Object>
</ExportObjectList>
